{
  "HTTP Request-1" : {
    "transaction" : "HTTP Request-1",
    "sampleCount" : 10,
    "errorCount" : 0,
    "errorPct" : 0.0,
    "meanResTime" : 5421.3,
    "medianResTime" : 5276.5,
    "minResTime" : 3353.0,
    "maxResTime" : 7643.0,
    "pct1ResTime" : 7623.3,
    "pct2ResTime" : 7643.0,
    "pct3ResTime" : 7643.0,
    "throughput" : 0.009768286476491153,
    "receivedKBytesPerSec" : 0.5144853462271459,
    "sentKBytesPerSec" : 0.0012019571250369973
  },
  "Total" : {
    "transaction" : "Total",
    "sampleCount" : 30,
    "errorCount" : 0,
    "errorPct" : 0.0,
    "meanResTime" : 8561.099999999999,
    "medianResTime" : 8200.5,
    "minResTime" : 3353.0,
    "maxResTime" : 17051.0,
    "pct1ResTime" : 16902.7,
    "pct2ResTime" : 16977.3,
    "pct3ResTime" : 17051.0,
    "throughput" : 0.029152734089166552,
    "receivedKBytesPerSec" : 1.03363144433334,
    "sentKBytesPerSec" : 0.004763890791914586
  },
  "HTTP Request-0" : {
    "transaction" : "HTTP Request-0",
    "sampleCount" : 10,
    "errorCount" : 0,
    "errorPct" : 0.0,
    "meanResTime" : 7418.8,
    "medianResTime" : 7418.0,
    "minResTime" : 5329.0,
    "maxResTime" : 9520.0,
    "pct1ResTime" : 9513.9,
    "pct2ResTime" : 9520.0,
    "pct3ResTime" : 9520.0,
    "throughput" : 0.00978819328549517,
    "receivedKBytesPerSec" : 0.00503747838032808,
    "sentKBytesPerSec" : 0.0011948478131707972
  },
  "HTTP Request" : {
    "transaction" : "HTTP Request",
    "sampleCount" : 10,
    "errorCount" : 0,
    "errorPct" : 0.0,
    "meanResTime" : 12843.199999999999,
    "medianResTime" : 12697.0,
    "minResTime" : 8758.0,
    "maxResTime" : 17051.0,
    "pct1ResTime" : 17037.6,
    "pct2ResTime" : 17051.0,
    "pct3ResTime" : 17051.0,
    "throughput" : 0.009717578029722184,
    "receivedKBytesPerSec" : 0.51681572216667,
    "sentKBytesPerSec" : 0.002381945395957293
  }
}